{
  "title": "星河问道",
  "total_chapters": 50,
  "total_words": 158609,
  "elapsed_minutes": 25.3675563176473,
  "speed_words_per_hour": 375146.10713132366
}